,,,,,,,,,,,,,,,,PP,,PSOE,,IU-LV,,UPyD,,CiU,,AMAIUR,,EAJ-PNV,,ESQUERRA,,EQUO,,BNG,,CC-NC-PNC,,COMPROMÍS-Q,,PACMA,,FAC,,Eb,,PA,,PxC,,P.R.C.,,GBAI,,PUM+J,,P.C.P.E.,,ANTICAPITALISTAS,,PIRATA.CAT,,UCE,,PH,,ESPAÑA 2000,,SAIn,,RPS,,HARTOS.ORG,,PIRATA,,ANC,,FE de las JONS,,C.D.L.,,PCAS,,UxV,,P-LIB,,PREPAL,,POSI,,D.N.,,PRAO,,Caballas,,C.XXI,,UNIDAD DEL PUEBLO,,CEx,,ANDECHA,,CCD,,ACIMA,,PFyV,,+MAS+,,U.C.I.T.,,DeC,,CYD,,U.R.C.L.,,P.R.D.E.,,INTERNET,,PRE-R,,BASTA YA,,PDYC,,LV-GV,,H.D.,,SXT,,DNE,
Nombre de Comunidad,Código de Provincia,Nombre de Provincia,Población,Número de mesas,Censo electoral sin CERA,Censo CERA,Total censo electoral,Solicitudes voto CERA aceptadas,Total votantes CER,Total votantes CERA,Total votantes,Votos válidos,Votos a candidaturas,Votos en blanco,Votos nulos,Votos,Diputados,Votos,Diputados,Votos,Diputados,Votos,Diputados,Votos,Diputados,Votos,Diputados,Votos,Diputados,Votos,Diputados,Votos,Diputados,Votos,Diputados,Votos,Diputados,Votos,Diputados,Votos,Diputados,Votos,Diputados,Votos,Diputados,Votos,Diputados,Votos,Diputados,Votos,Diputados,Votos,Diputados,Votos,Diputados,Votos,Diputados,Votos,Diputados,Votos,Diputados,Votos,Diputados,Votos,Diputados,Votos,Diputados,Votos,Diputados,Votos,Diputados,Votos,Diputados,Votos,Diputados,Votos,Diputados,Votos,Diputados,Votos,Diputados,Votos,Diputados,Votos,Diputados,Votos,Diputados,Votos,Diputados,Votos,Diputados,Votos,Diputados,Votos,Diputados,Votos,Diputados,Votos,Diputados,Votos,Diputados,Votos,Diputados,Votos,Diputados,Votos,Diputados,Votos,Diputados,Votos,Diputados,Votos,Diputados,Votos,Diputados,Votos,Diputados,Votos,Diputados,Votos,Diputados,Votos,Diputados,Votos,Diputados,Votos,Diputados,Votos,Diputados,Votos,Diputados,Votos,Diputados,Votos,Diputados,Votos,Diputados,Votos,Diputados
Andalucía                     ,4,Almería                                           ,"695,560",819,"440,454","29,140","469,594","2,156","314,164","1,340","315,504","312,923","309,433","3,490","2,581","180,249",4,"93,495",2,"16,445",0,"12,225",0,0,0,0,0,0,0,0,0,"2,828",0,0,0,0,0,0,0,0,0,0,0,0,0,"2,659",0,0,0,0,0,0,0,0,0,0,0,338,0,0,0,178,0,0,0,0,0,0,0,0,0,0,0,0,0,0,0,0,0,0,0,0,0,0,0,0,0,0,0,0,0,493,0,253,0,0,0,0,0,0,0,0,0,0,0,0,0,0,0,0,0,0,0,0,0,270,0,0,0,0,0,0,0,0,0,0,0,0,0,0,0,0,0,0,0,0,0,0,0
Andalucía                     ,11,Cádiz                                             ,"1,236,739","1,601","960,499","20,562","981,061","1,530","625,167",624,"625,791","620,252","611,741","8,511","5,539","291,897",5,"203,251",3,"54,262",0,"29,761",0,0,0,0,0,0,0,0,0,"4,345",0,0,0,0,0,0,0,"2,872",0,0,0,"2,329",0,"19,289",0,0,0,0,0,0,0,0,0,"1,072",0,874,0,0,0,265,0,0,0,0,0,0,0,0,0,921,0,0,0,0,0,0,0,0,0,0,0,0,0,0,0,0,0,0,0,0,0,0,0,0,0,0,0,0,0,0,0,0,0,0,0,0,0,0,0,0,0,0,0,0,0,0,0,0,0,0,0,603,0,0,0,0,0,0,0,0,0,0,0,0,0,0,0
Andalucía                     ,14,Córdoba                                           ,"805,108","1,034","637,766","14,320","652,086","1,244","473,198",649,"473,847","468,623","462,133","6,490","5,224","209,067",3,"170,367",3,"46,066",0,"17,998",0,0,0,0,0,0,0,0,0,"3,782",0,0,0,0,0,0,0,0,0,0,0,"1,786",0,"10,453",0,0,0,0,0,0,0,701,0,982,0,0,0,0,0,188,0,0,0,0,0,241,0,0,0,0,0,0,0,0,0,502,0,0,0,0,0,0,0,0,0,0,0,0,0,0,0,0,0,0,0,0,0,0,0,0,0,0,0,0,0,0,0,0,0,0,0,0,0,0,0,0,0,0,0,0,0,0,0,0,0,0,0,0,0,0,0,0,0,0,0,0,0
Andalucía                     ,18,Granada                                           ,"918,072","1,248","699,328","35,873","735,201","2,840","512,130","1,904","514,034","508,782","503,488","5,294","5,252","237,785",4,"185,867",3,"40,360",0,"26,255",0,0,0,0,0,0,0,0,0,"3,852",0,0,0,0,0,0,0,"1,370",0,0,0,"1,200",0,"3,942",0,0,0,0,0,0,0,544,0,873,0,484,0,0,0,151,0,0,0,0,0,185,0,0,0,0,0,0,0,0,0,0,0,0,0,0,0,0,0,0,0,0,0,0,0,0,0,620,0,0,0,0,0,0,0,0,0,0,0,0,0,0,0,0,0,0,0,0,0,0,0,0,0,0,0,0,0,0,0,0,0,0,0,0,0,0,0,0,0,0,0,0,0
Andalucía                     ,21,Huelva                                            ,"518,081",640,"387,376","5,379","392,755",464,"266,545",243,"266,788","263,507","260,095","3,412","3,281","115,651",3,"106,835",2,"18,532",0,"9,048",0,0,0,0,0,0,0,0,0,"2,001",0,0,0,0,0,0,0,821,0,0,0,917,0,"4,992",0,0,0,0,0,0,0,309,0,444,0,0,0,0,0,0,0,0,0,0,0,0,0,249,0,0,0,0,0,0,0,0,0,0,0,0,0,0,0,0,0,0,0,0,0,296,0,0,0,0,0,0,0,0,0,0,0,0,0,0,0,0,0,0,0,0,0,0,0,0,0,0,0,0,0,0,0,0,0,0,0,0,0,0,0,0,0,0,0,0,0,0,0
Andalucía                     ,23,Jaén                                              ,"670,761",933,"527,595","9,441","537,036",809,"407,077",496,"407,573","403,443","399,319","4,124","4,130","183,339",3,"165,348",3,"28,059",0,"13,727",0,0,0,0,0,0,0,0,0,"2,149",0,0,0,0,0,0,0,0,0,0,0,0,0,"4,920",0,0,0,0,0,0,0,0,0,0,0,0,0,0,0,412,0,0,0,0,0,454,0,0,0,0,0,0,0,0,0,0,0,0,0,0,0,0,0,0,0,0,0,0,0,0,0,911,0,0,0,0,0,0,0,0,0,0,0,0,0,0,0,0,0,0,0,0,0,0,0,0,0,0,0,0,0,0,0,0,0,0,0,0,0,0,0,0,0,0,0,0,0
Andalucía                     ,29,Málaga                                            ,"1,609,557","1,885","1,081,217","35,059","1,116,276","2,812","725,242","1,623","726,865","720,031","711,681","8,350","6,834","357,578",6,"227,463",3,"64,969",1,"40,407",0,0,0,0,0,0,0,0,0,"5,369",0,0,0,0,0,0,0,"2,903",0,0,0,"1,996",0,"7,442",0,0,0,0,0,0,0,0,0,"1,108",0,0,0,0,0,383,0,756,0,0,0,341,0,0,0,0,0,0,0,0,0,0,0,0,0,0,0,0,0,0,0,0,0,0,0,0,0,0,0,0,0,0,0,0,0,0,0,0,0,0,0,966,0,0,0,0,0,0,0,0,0,0,0,0,0,0,0,0,0,0,0,0,0,0,0,0,0,0,0,0,0,0,0
Andalucía                     ,41,Sevilla                                           ,"1,917,097","2,461","1,482,866","23,263","1,506,129","2,288","1,071,259","1,387","1,072,646","1,060,182","1,046,586","13,596","12,464","410,046",5,"442,267",6,"91,519",1,"58,502",0,0,0,0,0,0,0,0,0,"11,313",0,0,0,0,0,0,0,0,0,0,0,"2,966",0,"23,302",0,0,0,0,0,0,0,"1,415",0,"1,077",0,"1,194",0,0,0,332,0,900,0,0,0,593,0,0,0,0,0,0,0,0,0,"1,160",0,0,0,0,0,0,0,0,0,0,0,0,0,0,0,0,0,0,0,0,0,0,0,0,0,0,0,0,0,0,0,0,0,0,0,0,0,0,0,0,0,0,0,0,0,0,0,0,0,0,0,0,0,0,0,0,0,0,0,0,0
Aragón                        ,22,Huesca                                            ,"228,566",418,"170,324","5,389","175,713",819,"122,083",604,"122,687","120,570","117,680","2,890","2,117","58,435",2,"40,721",1,"9,937",0,"5,408",0,0,0,0,0,0,0,0,0,"1,471",0,0,0,0,0,0,0,558,0,0,0,0,0,0,0,0,0,0,0,0,0,286,0,354,0,0,0,0,0,107,0,0,0,0,0,0,0,0,0,0,0,403,0,0,0,0,0,0,0,0,0,0,0,0,0,0,0,0,0,0,0,0,0,0,0,0,0,0,0,0,0,0,0,0,0,0,0,0,0,0,0,0,0,0,0,0,0,0,0,0,0,0,0,0,0,0,0,0,0,0,0,0,0,0,0,0,0
Aragón                        ,44,Teruel                                            ,"145,277",323,"108,470","3,831","112,301",445,"78,628",301,"78,929","77,229","75,535","1,694","1,700","39,993",2,"25,426",1,"6,103",0,"2,656",0,0,0,0,0,0,0,0,0,0,0,0,0,0,0,0,0,260,0,0,0,466,0,0,0,0,0,0,0,0,0,151,0,0,0,0,0,0,0,93,0,0,0,0,0,0,0,0,0,0,0,218,0,0,0,0,0,0,0,0,0,0,0,0,0,0,0,0,0,0,0,0,0,0,0,0,0,0,0,0,0,0,0,0,0,0,0,0,0,0,0,0,0,0,0,0,0,0,0,0,0,0,0,0,0,0,0,0,0,0,0,0,0,169,0,0,0
Aragón                        ,50,Zaragoza                                          ,"973,252","1,522","714,352","16,144","730,496","2,164","520,037","1,418","521,455","513,893","503,942","9,951","7,562","241,074",4,"158,167",2,"58,904",1,"32,968",0,0,0,0,0,0,0,0,0,"3,858",0,0,0,0,0,0,0,"2,586",0,0,0,"2,640",0,0,0,0,0,0,0,0,0,939,0,"1,055",0,0,0,0,0,370,0,463,0,0,0,0,0,0,0,0,0,0,0,0,0,0,0,0,0,0,0,0,0,410,0,0,0,0,0,0,0,0,0,0,0,0,0,0,0,0,0,0,0,0,0,0,0,0,0,0,0,0,0,508,0,0,0,0,0,0,0,0,0,0,0,0,0,0,0,0,0,0,0,0,0,0,0
Principado de Asturias        ,33,Asturias                                          ,"1,084,341","1,613","901,115","87,930","989,045","8,981","633,723","4,906","638,629","632,436","624,044","8,392","6,193","223,906",3,"185,526",3,"83,755",1,"24,721",0,0,0,0,0,0,0,0,0,"4,033",0,0,0,0,0,0,0,"2,125",0,"92,828",1,"2,532",0,0,0,0,0,0,0,0,0,383,0,"1,202",0,0,0,0,0,209,0,284,0,0,0,282,0,0,0,867,0,0,0,0,0,0,0,0,0,0,0,0,0,0,0,0,0,0,0,0,0,0,0,0,0,0,0,0,0,0,0,"1,087",0,0,0,0,0,0,0,0,0,0,0,0,0,0,0,0,0,0,0,0,0,0,0,0,0,304,0,0,0,0,0,0,0,0,0
Illes Balears                 ,7,Illes Balears                                     ,"1,106,049","1,142","715,165","15,575","730,740","1,120","444,863",625,"445,488","438,272","430,331","7,941","7,216","217,327",5,"126,512",3,"21,668",0,"18,525",0,0,0,0,0,0,0,"4,681",0,"31,417",0,0,0,0,0,0,0,"3,641",0,0,0,"4,271",0,0,0,0,0,0,0,0,0,"1,093",0,0,0,0,0,0,0,450,0,0,0,0,0,0,0,0,0,0,0,0,0,0,0,0,0,0,0,0,0,0,0,0,0,0,0,0,0,0,0,0,0,0,0,0,0,0,0,0,0,0,0,0,0,0,0,746,0,0,0,0,0,0,0,0,0,0,0,0,0,0,0,0,0,0,0,0,0,0,0,0,0,0,0,0,0
Canarias                      ,35,Las Palmas                                        ,"1,090,605","1,515","766,407","28,115","794,522","1,712","479,736",867,"480,603","472,088","465,098","6,990","8,515","240,897",5,"123,486",2,"19,971",0,"13,208",0,0,0,0,0,0,0,0,0,"5,414",0,0,0,"53,329",1,0,0,"2,012",0,0,0,0,0,0,0,0,0,0,0,0,0,"1,288",0,"1,460",0,0,0,0,0,541,0,"1,051",0,0,0,316,0,0,0,0,0,0,0,987,0,0,0,0,0,0,0,0,0,0,0,0,0,0,0,0,0,0,0,0,0,0,0,"1,138",0,0,0,0,0,0,0,0,0,0,0,0,0,0,0,0,0,0,0,0,0,0,0,0,0,0,0,0,0,0,0,0,0,0,0,0,0,0,0
Canarias                      ,38,Santa Cruz de Tenerife                            ,"1,027,914","1,246","715,724","77,049","792,773","4,729","464,656",749,"465,405","457,822","452,768","5,054","7,583","205,221",4,"107,600",2,"20,152",0,"11,316",0,0,0,0,0,0,0,0,0,"10,173",0,0,0,"90,552",1,0,0,"2,894",0,0,0,0,0,0,0,0,0,0,0,0,0,"1,384",0,845,0,0,0,0,0,438,0,0,0,0,0,0,0,0,0,0,0,0,0,"2,193",0,0,0,0,0,0,0,0,0,0,0,0,0,0,0,0,0,0,0,0,0,0,0,0,0,0,0,0,0,0,0,0,0,0,0,0,0,0,0,0,0,0,0,0,0,0,0,0,0,0,0,0,0,0,0,0,0,0,0,0,0,0,0
Cantabria                     ,39,Cantabria                                         ,"592,250",752,"469,663","26,820","496,483","2,464","353,974","1,315","355,289","351,249","347,092","4,157","4,040","183,244",4,"88,624",1,"12,608",0,"12,614",0,0,0,0,0,0,0,0,0,"2,482",0,0,0,0,0,0,0,"1,232",0,0,0,0,0,0,0,0,0,"44,010",0,0,0,0,0,578,0,354,0,0,0,145,0,275,0,0,0,269,0,277,0,0,0,0,0,0,0,0,0,0,0,0,0,0,0,0,0,0,0,0,0,0,0,0,0,0,0,0,0,0,0,0,0,0,0,0,0,0,0,0,0,0,0,0,0,0,0,0,0,0,0,0,0,0,0,0,0,380,0,0,0,0,0,0,0,0,0,0,0
Castilla - La Mancha          ,2,Albacete                                          ,"401,682",593,"304,167","5,289","309,456",600,"235,089",426,"235,515","232,322","229,240","3,082","3,193","127,995",3,"69,981",1,"14,324",0,"11,614",0,0,0,0,0,0,0,0,0,"2,077",0,0,0,0,0,0,0,921,0,0,0,"1,153",0,0,0,0,0,0,0,0,0,597,0,386,0,0,0,0,0,0,0,0,0,0,0,0,0,0,0,0,0,0,0,0,0,0,0,0,0,0,0,0,0,0,0,0,0,0,0,0,0,0,0,0,0,0,0,0,0,0,0,0,0,0,0,0,0,0,0,0,0,0,0,0,0,192,0,0,0,0,0,0,0,0,0,0,0,0,0,0,0,0,0,0,0,0,0
Castilla - La Mancha          ,13,Ciudad Real                                       ,"529,453",800,"400,397","4,367","404,764",472,"302,321",284,"302,605","298,341","294,325","4,016","4,264","164,776",3,"95,375",2,"16,116",0,"13,106",0,0,0,0,0,0,0,0,0,"1,517",0,0,0,0,0,0,0,836,0,0,0,"1,225",0,0,0,0,0,0,0,0,0,381,0,423,0,0,0,0,0,101,0,0,0,0,0,0,0,0,0,0,0,0,0,0,0,0,0,0,0,0,0,0,0,0,0,0,0,0,0,0,0,0,0,0,0,0,0,0,0,0,0,0,0,469,0,0,0,0,0,0,0,0,0,0,0,0,0,0,0,0,0,0,0,0,0,0,0,0,0,0,0,0,0,0,0,0,0
Castilla - La Mancha          ,16,Cuenca                                            ,"217,716",403,"161,168","2,332","163,500",270,"126,791",154,"126,945","125,092","123,355","1,737","1,853","69,939",2,"41,293",1,"5,968",0,"4,468",0,0,0,0,0,0,0,0,0,802,0,0,0,0,0,0,0,306,0,0,0,0,0,0,0,0,0,0,0,0,0,157,0,0,0,0,0,0,0,90,0,0,0,0,0,0,0,0,0,0,0,0,0,0,0,0,0,178,0,154,0,0,0,0,0,0,0,0,0,0,0,0,0,0,0,0,0,0,0,0,0,0,0,0,0,0,0,0,0,0,0,0,0,0,0,0,0,0,0,0,0,0,0,0,0,0,0,0,0,0,0,0,0,0,0,0,0
Castilla - La Mancha          ,19,Guadalajara                                       ,"251,563",549,"177,150","2,420","179,570",342,"134,122",229,"134,351","132,154","130,378","1,776","2,197","71,362",2,"36,589",1,"9,036",0,"9,947",0,0,0,0,0,0,0,0,0,"1,273",0,0,0,0,0,0,0,620,0,0,0,498,0,0,0,0,0,0,0,0,0,0,0,0,0,194,0,0,0,92,0,0,0,0,0,0,0,0,0,0,0,0,0,0,0,0,0,0,0,197,0,0,0,0,0,0,0,0,0,471,0,0,0,0,0,0,0,0,0,0,0,0,0,99,0,0,0,0,0,0,0,0,0,0,0,0,0,0,0,0,0,0,0,0,0,0,0,0,0,0,0,0,0,0,0,0,0
Castilla - La Mancha          ,45,Toledo                                            ,"697,959",889,"507,241","6,967","514,208",787,"390,716",438,"391,154","384,943","380,521","4,422","6,211","220,474",4,"112,568",2,"22,373",0,"19,089",0,0,0,0,0,0,0,0,0,"2,178",0,0,0,0,0,0,0,"1,473",0,0,0,0,0,0,0,0,0,0,0,0,0,0,0,629,0,0,0,0,0,163,0,0,0,0,0,0,0,0,0,789,0,0,0,0,0,0,0,0,0,0,0,0,0,0,0,0,0,0,0,0,0,0,0,0,0,0,0,0,0,0,0,0,0,0,0,0,0,0,0,0,0,785,0,0,0,0,0,0,0,0,0,0,0,0,0,0,0,0,0,0,0,0,0,0,0,0,0
Castilla y León               ,5,Ávila                                             ,"171,896",352,"136,353","6,225","142,578",640,"107,056",401,"107,457","105,976","104,743","1,233","1,481","65,600",2,"24,278",1,"4,803",0,"8,217",0,0,0,0,0,0,0,0,0,725,0,0,0,0,0,0,0,275,0,0,0,0,0,0,0,0,0,0,0,0,0,105,0,0,0,0,0,0,0,50,0,0,0,0,0,0,0,200,0,174,0,0,0,0,0,233,0,0,0,0,0,0,0,0,0,0,0,0,0,0,0,0,0,0,0,0,0,0,0,0,0,0,0,0,0,0,0,83,0,0,0,0,0,0,0,0,0,0,0,0,0,0,0,0,0,0,0,0,0,0,0,0,0,0,0,0,0
Castilla y León               ,9,Burgos                                            ,"374,826",800,"290,233","12,876","303,109","1,418","216,373",955,"217,328","214,093","210,141","3,952","3,235","116,057",3,"59,878",1,"11,892",0,"16,090",0,0,0,0,0,0,0,0,0,"1,938",0,0,0,0,0,0,0,"1,007",0,0,0,0,0,0,0,0,0,0,0,0,0,605,0,0,0,502,0,0,0,0,0,0,0,0,0,454,0,0,0,0,0,0,0,0,0,0,0,0,0,"1,515",0,0,0,0,0,0,0,0,0,0,0,0,0,0,0,0,0,0,0,0,0,0,0,203,0,0,0,0,0,0,0,0,0,0,0,0,0,0,0,0,0,0,0,0,0,0,0,0,0,0,0,0,0,0,0,0,0
Castilla y León               ,24,León                                              ,"499,284",739,"410,605","37,103","447,708","3,201","295,749","2,157","297,906","293,290","287,820","5,470","4,616","152,672",3,"100,210",2,"15,598",0,"13,672",0,0,0,0,0,0,0,0,0,"2,154",0,0,0,0,0,0,0,"1,074",0,0,0,0,0,0,0,0,0,0,0,0,0,565,0,502,0,0,0,0,0,152,0,0,0,0,0,0,0,0,0,0,0,0,0,0,0,0,0,0,0,0,0,0,0,0,0,"1,221",0,0,0,0,0,0,0,0,0,0,0,0,0,0,0,0,0,0,0,0,0,0,0,0,0,0,0,0,0,0,0,0,0,0,0,0,0,0,0,0,0,0,0,0,0,0,0,0,0,0,0
Castilla y León               ,34,Palencia                                          ,"172,510",335,"142,053","5,730","147,783",596,"107,825",366,"108,191","106,547","104,772","1,775","1,644","58,759",2,"33,328",1,"6,259",0,"4,686",0,0,0,0,0,0,0,0,0,0,0,0,0,0,0,0,0,352,0,0,0,0,0,0,0,0,0,0,0,0,0,249,0,0,0,0,0,0,0,77,0,0,0,0,0,89,0,0,0,0,0,0,0,0,0,234,0,0,0,565,0,0,0,0,0,0,0,0,0,0,0,0,0,0,0,0,0,0,0,0,0,0,0,0,0,0,0,0,0,0,0,0,0,0,0,0,0,174,0,0,0,0,0,0,0,0,0,0,0,0,0,0,0,0,0,0,0
Castilla y León               ,37,Salamanca                                         ,"353,619",703,"287,784","24,217","312,001","2,062","216,374","1,197","217,571","214,666","211,443","3,223","2,905","128,887",3,"56,331",1,"9,256",0,"13,276",0,0,0,0,0,0,0,0,0,"1,648",0,0,0,0,0,0,0,584,0,0,0,686,0,0,0,0,0,0,0,0,0,0,0,0,0,0,0,0,0,161,0,0,0,0,0,0,0,0,0,0,0,0,0,0,0,0,0,0,0,0,0,0,0,0,0,408,0,0,0,0,0,0,0,0,0,0,0,0,0,0,0,0,0,0,0,0,0,0,0,0,0,0,0,0,0,0,0,0,0,0,0,0,0,0,0,0,0,0,0,0,0,206,0,0,0,0,0
Castilla y León               ,40,Segovia                                           ,"164,268",330,"121,111","2,370","123,481",278,"94,090",179,"94,269","92,489","91,012","1,477","1,780","52,173",2,"24,780",1,"5,237",0,"6,889",0,0,0,0,0,0,0,0,0,981,0,0,0,0,0,0,0,353,0,0,0,0,0,0,0,0,0,0,0,0,0,237,0,0,0,0,0,0,0,115,0,0,0,0,0,0,0,0,0,0,0,0,0,0,0,247,0,0,0,0,0,0,0,0,0,0,0,0,0,0,0,0,0,0,0,0,0,0,0,0,0,0,0,0,0,0,0,0,0,0,0,0,0,0,0,0,0,0,0,0,0,0,0,0,0,0,0,0,0,0,0,0,0,0,0,0,0
Castilla y León               ,42,Soria                                             ,"95,258",256,"72,581","4,774","77,355",400,"52,238",14,"52,252","51,091","49,796","1,295","1,161","28,063",1,"16,066",1,"2,385",0,"2,190",0,0,0,0,0,0,0,0,0,559,0,0,0,0,0,0,0,152,0,0,0,0,0,0,0,0,0,0,0,0,0,127,0,0,0,0,0,0,0,73,0,0,0,0,0,0,0,0,0,0,0,0,0,0,0,0,0,0,0,0,0,0,0,0,0,0,0,0,0,181,0,0,0,0,0,0,0,0,0,0,0,0,0,0,0,0,0,0,0,0,0,0,0,0,0,0,0,0,0,0,0,0,0,0,0,0,0,0,0,0,0,0,0,0,0,0,0
Castilla y León               ,47,Valladolid                                        ,"533,640",839,"424,998","9,479","434,477","1,207","329,214",796,"330,010","326,333","321,614","4,719","3,677","172,671",3,"94,521",2,"24,223",0,"23,536",0,0,0,0,0,0,0,0,0,"2,161",0,0,0,0,0,0,0,"1,244",0,0,0,0,0,0,0,0,0,0,0,0,0,581,0,380,0,0,0,0,0,167,0,0,0,0,0,344,0,0,0,0,0,0,0,0,0,522,0,0,0,0,0,0,0,0,0,0,0,0,0,426,0,0,0,0,0,0,0,0,0,0,0,0,0,303,0,0,0,0,0,0,0,0,0,0,0,0,0,535,0,0,0,0,0,0,0,0,0,0,0,0,0,0,0,0,0,0,0
Castilla y León               ,49,Zamora                                            ,"194,214",389,"162,684","15,681","178,365","1,317","118,944",815,"119,759","118,122","116,065","2,057","1,637","68,228",2,"35,059",1,"6,161",0,"4,641",0,0,0,0,0,0,0,0,0,0,0,0,0,0,0,0,0,395,0,0,0,649,0,0,0,0,0,0,0,0,0,298,0,0,0,205,0,0,0,0,0,0,0,0,0,0,0,0,0,0,0,0,0,0,0,0,0,0,0,0,0,0,0,0,0,429,0,0,0,0,0,0,0,0,0,0,0,0,0,0,0,0,0,0,0,0,0,0,0,0,0,0,0,0,0,0,0,0,0,0,0,0,0,0,0,0,0,0,0,0,0,0,0,0,0,0,0
Cataluña                      ,8,Barcelona                                         ,"5,511,147","5,719","3,917,492","110,625","4,028,117","10,530","2,650,982","3,945","2,654,927","2,615,465","2,568,727","46,738","39,462","547,376",7,"727,220",10,"237,327",3,"33,111",0,"710,178",9,0,0,0,0,"169,601",2,0,0,0,0,0,0,0,0,"18,638",0,0,0,"40,054",0,0,0,"53,142",0,0,0,0,0,0,0,0,0,"11,346",0,"17,393",0,"3,341",0,0,0,0,0,0,0,0,0,0,0,0,0,0,0,0,0,0,0,0,0,0,0,0,0,0,0,0,0,0,0,0,0,0,0,0,0,0,0,0,0,0,0,0,0,0,0,0,0,0,0,0,0,0,0,0,0,0,0,0,0,0,0,0,0,0,0,0,0,0,0,0,0,0,0,0,0
Cataluña                      ,17,Girona                                            ,"753,046",822,"489,307","10,602","499,909","1,191","311,352",704,"312,056","306,248","300,676","5,572","5,808","49,617",1,"65,674",1,"16,777",0,"1,798",0,"120,156",3,0,0,0,0,"33,000",1,0,0,0,0,0,0,0,0,"2,163",0,0,0,"5,206",0,0,0,"2,636",0,0,0,0,0,0,0,480,0,"1,099",0,"1,865",0,205,0,0,0,0,0,0,0,0,0,0,0,0,0,0,0,0,0,0,0,0,0,0,0,0,0,0,0,0,0,0,0,0,0,0,0,0,0,0,0,0,0,0,0,0,0,0,0,0,0,0,0,0,0,0,0,0,0,0,0,0,0,0,0,0,0,0,0,0,0,0,0,0,0,0,0,0,0
Cataluña                      ,25,Lleida                                            ,"439,768",550,"301,579","11,937","313,516",939,"195,497",586,"196,083","192,439","187,971","4,468","3,644","37,401",1,"39,157",1,"7,487",0,"1,069",0,"79,511",2,0,0,0,0,"16,529",0,0,0,0,0,0,0,0,0,892,0,0,0,"2,573",0,0,0,"1,074",0,0,0,0,0,366,0,355,0,551,0,915,0,91,0,0,0,0,0,0,0,0,0,0,0,0,0,0,0,0,0,0,0,0,0,0,0,0,0,0,0,0,0,0,0,0,0,0,0,0,0,0,0,0,0,0,0,0,0,0,0,0,0,0,0,0,0,0,0,0,0,0,0,0,0,0,0,0,0,0,0,0,0,0,0,0,0,0,0,0,0
Cataluña                      ,43,Tarragona                                         ,"808,420","1,023","544,101","10,698","554,799","1,141","352,522",722,"353,244","346,708","339,602","7,106","6,536","81,977",2,"90,496",2,"18,561",0,"3,672",0,"105,846",2,0,0,0,0,"25,724",0,0,0,0,0,0,0,0,0,"2,133",0,0,0,"3,046",0,0,0,"3,097",0,0,0,0,0,0,0,712,0,880,0,"1,703",0,267,0,0,0,0,0,0,0,0,0,"1,069",0,0,0,0,0,0,0,0,0,0,0,0,0,0,0,0,0,0,0,0,0,0,0,0,0,0,0,0,0,0,0,0,0,0,0,0,0,0,0,0,0,0,0,0,0,0,0,0,0,0,0,0,0,419,0,0,0,0,0,0,0,0,0,0,0,0,0
Extremadura                   ,6,Badajoz                                           ,"692,137",882,"548,452","9,016","557,468",697,"413,608",494,"414,102","408,842","404,010","4,832","5,260","207,068",4,"153,692",2,"24,344",0,"14,174",0,0,0,0,0,0,0,0,0,"1,801",0,0,0,0,0,0,0,"1,371",0,0,0,0,0,0,0,0,0,0,0,0,0,986,0,0,0,0,0,0,0,0,0,0,0,0,0,0,0,0,0,0,0,0,0,0,0,0,0,0,0,0,0,0,0,0,0,0,0,0,0,0,0,0,0,0,0,0,0,0,0,574,0,0,0,0,0,0,0,0,0,0,0,0,0,0,0,0,0,0,0,0,0,0,0,0,0,0,0,0,0,0,0,0,0,0,0,0,0
Extremadura                   ,10,Cáceres                                           ,"415,083",623,"338,929","13,168","352,097","1,097","257,475",724,"258,199","253,990","251,049","2,941","4,209","132,169",2,"92,822",2,"13,422",0,"8,739",0,0,0,0,0,0,0,0,0,"1,695",0,0,0,0,0,0,0,886,0,0,0,0,0,0,0,0,0,0,0,0,0,544,0,0,0,0,0,0,0,256,0,0,0,0,0,0,0,0,0,0,0,0,0,0,0,0,0,0,0,0,0,0,0,0,0,0,0,0,0,0,0,0,0,0,0,0,0,0,0,516,0,0,0,0,0,0,0,0,0,0,0,0,0,0,0,0,0,0,0,0,0,0,0,0,0,0,0,0,0,0,0,0,0,0,0,0,0
Galicia                       ,15,A Coruña                                          ,"1,146,458","1,569","952,354","132,878","1,085,232","12,573","670,922","5,915","676,837","666,317","654,144","12,173","10,520","343,270",5,"182,056",2,"30,557",0,"8,812",0,0,0,0,0,0,0,0,0,"4,802",0,"77,945",1,0,0,0,0,"2,709",0,0,0,0,0,0,0,0,0,0,0,0,0,"1,241",0,776,0,0,0,0,0,319,0,694,0,0,0,476,0,0,0,0,0,0,0,0,0,0,0,0,0,0,0,0,0,0,0,0,0,0,0,0,0,0,0,0,0,487,0,0,0,0,0,0,0,0,0,0,0,0,0,0,0,0,0,0,0,0,0,0,0,0,0,0,0,0,0,0,0,0,0,0,0,0,0,0,0,0,0
Galicia                       ,27,Lugo                                              ,"353,504",564,"297,601","53,250","350,851","6,105","217,646","2,733","220,379","216,435","212,807","3,628","3,944","121,422",3,"61,357",1,"6,603",0,"2,020",0,0,0,0,0,0,0,0,0,0,0,"19,811",0,0,0,0,0,"1,054",0,0,0,0,0,0,0,0,0,0,0,0,0,0,0,0,0,0,0,0,0,293,0,0,0,0,0,0,0,0,0,0,0,0,0,0,0,0,0,0,0,0,0,0,0,0,0,0,0,0,0,0,0,0,0,0,0,247,0,0,0,0,0,0,0,0,0,0,0,0,0,0,0,0,0,0,0,0,0,0,0,0,0,0,0,0,0,0,0,0,0,0,0,0,0,0,0,0,0
Galicia                       ,32,Ourense                                           ,"335,219",560,"277,234","85,445","362,679","6,524","204,039","3,101","207,140","204,286","201,429","2,857","2,854","115,796",3,"57,340",1,"4,757",0,"1,677",0,0,0,0,0,0,0,0,0,"1,125",0,"19,054",0,0,0,0,0,679,0,0,0,0,0,0,0,0,0,0,0,0,0,654,0,0,0,0,0,0,0,156,0,0,0,0,0,0,0,0,0,0,0,0,0,0,0,0,0,0,0,0,0,0,0,0,0,0,0,0,0,0,0,0,0,0,0,191,0,0,0,0,0,0,0,0,0,0,0,0,0,0,0,0,0,0,0,0,0,0,0,0,0,0,0,0,0,0,0,0,0,0,0,0,0,0,0,0,0
Galicia                       ,36,Pontevedra                                        ,"962,472","1,344","779,747","110,307","890,054","8,712","564,167","4,318","568,485","558,779","550,711","8,068","9,706","284,079",4,"156,880",2,"25,834",0,"7,460",0,0,0,0,0,0,0,0,0,"4,132",0,"67,227",1,0,0,0,0,"2,932",0,0,0,0,0,0,0,0,0,0,0,0,0,0,0,809,0,0,0,0,0,432,0,0,0,0,0,408,0,0,0,0,0,0,0,0,0,0,0,0,0,0,0,0,0,0,0,0,0,0,0,0,0,0,0,0,0,518,0,0,0,0,0,0,0,0,0,0,0,0,0,0,0,0,0,0,0,0,0,0,0,0,0,0,0,0,0,0,0,0,0,0,0,0,0,0,0,0,0
Comunidad de Madrid           ,28,Madrid                                            ,"6,458,684","6,528","4,468,053","185,726","4,653,779","20,726","3,396,877","12,454","3,409,331","3,373,805","3,338,712","35,093","35,526","1,719,709",19,"878,724",10,"271,209",3,"347,354",4,0,0,0,0,0,0,0,0,"65,169",0,0,0,0,0,0,0,"13,136",0,"6,645",0,"12,877",0,0,0,0,0,0,0,0,0,"5,314",0,"3,815",0,"4,268",0,0,0,875,0,"2,706",0,0,0,"1,350",0,"2,183",0,0,0,0,0,0,0,0,0,0,0,0,0,0,0,"1,655",0,0,0,"1,723",0,0,0,0,0,0,0,0,0,0,0,0,0,0,0,0,0,0,0,0,0,0,0,0,0,0,0,0,0,0,0,0,0,0,0,0,0,0,0,0,0,0,0,0,0,0,0,0,0
Comunidad Foral de Navarra    ,31,Navarra                                           ,"636,924",986,"470,380","17,831","488,211","1,685","335,547",893,"336,440","331,085","324,378","6,707","5,355","126,516",2,"72,892",1,"18,251",0,"6,829",0,0,0,"49,208",1,0,0,0,0,"3,656",0,0,0,0,0,0,0,0,0,0,0,0,0,0,0,0,0,0,0,"42,415",1,"1,393",0,0,0,0,0,0,0,353,0,0,0,0,0,"1,061",0,0,0,0,0,"1,804",0,0,0,0,0,0,0,0,0,0,0,0,0,0,0,0,0,0,0,0,0,0,0,0,0,0,0,0,0,0,0,0,0,0,0,0,0,0,0,0,0,0,0,0,0,0,0,0,0,0,0,0,0,0,0,0,0,0,0,0,0,0,0,0,0
País Vasco                    ,1,Araba - Álava                                     ,"317,352",427,"246,383","4,360","250,743",570,"171,811",343,"172,154","169,425","167,501","1,924","2,729","46,034",1,"39,698",1,"6,917",0,"4,662",0,0,0,"32,439",1,"31,931",1,0,0,"3,574",0,0,0,0,0,0,0,"1,178",0,0,0,0,0,0,0,0,0,0,0,0,0,778,0,0,0,0,0,0,0,290,0,0,0,0,0,0,0,0,0,0,0,0,0,0,0,0,0,0,0,0,0,0,0,0,0,0,0,0,0,0,0,0,0,0,0,0,0,0,0,0,0,0,0,0,0,0,0,0,0,0,0,0,0,0,0,0,0,0,0,0,0,0,0,0,0,0,0,0,0,0,0,0,0,0,0,0,0
País Vasco                    ,20,Gipuzkoa                                          ,"707,263",873,"554,907","20,427","575,334","2,391","375,576","1,543","377,119","373,967","369,728","4,239","3,152","51,362",1,"78,462",1,"12,595",0,"5,734",0,0,0,"130,055",3,"83,703",1,0,0,"4,390",0,0,0,0,0,0,0,"1,990",0,0,0,0,0,0,0,0,0,0,0,0,0,"1,038",0,0,0,0,0,0,0,399,0,0,0,0,0,0,0,0,0,0,0,0,0,0,0,0,0,0,0,0,0,0,0,0,0,0,0,0,0,0,0,0,0,0,0,0,0,0,0,0,0,0,0,0,0,0,0,0,0,0,0,0,0,0,0,0,0,0,0,0,0,0,0,0,0,0,0,0,0,0,0,0,0,0,0,0,0
País Vasco                    ,48,Bizkaia                                           ,"1,153,724","1,473","920,996","28,475","949,471","3,002","644,767","1,665","646,432","639,880","632,595","7,285","6,552","113,401",1,"136,853",2,"24,205",0,"10,886",0,0,0,"122,796",2,"208,683",3,0,0,"7,387",0,0,0,0,0,0,0,"3,278",0,0,0,"2,886",0,0,0,0,0,0,0,0,0,"1,670",0,0,0,0,0,0,0,550,0,0,0,0,0,0,0,0,0,0,0,0,0,0,0,0,0,0,0,0,0,0,0,0,0,0,0,0,0,0,0,0,0,0,0,0,0,0,0,0,0,0,0,0,0,0,0,0,0,0,0,0,0,0,0,0,0,0,0,0,0,0,0,0,0,0,0,0,0,0,0,0,0,0,0,0,0
Región de Murcia              ,30,Murcia                                            ,"1,461,979","1,624","980,081","20,543","1,000,624","1,972","740,230","1,324","741,554","734,686","727,998","6,688","6,868","471,851",8,"154,225",2,"41,896",0,"45,984",0,0,0,0,0,0,0,0,0,"4,464",0,0,0,0,0,0,0,"2,629",0,0,0,"1,745",0,0,0,0,0,0,0,0,0,0,0,"1,130",0,0,0,0,0,465,0,0,0,0,0,0,0,485,0,0,0,0,0,0,0,0,0,"1,127",0,0,0,0,0,0,0,0,0,0,0,0,0,0,0,0,0,0,0,0,0,0,0,0,0,0,0,0,0,0,0,791,0,0,0,0,0,528,0,0,0,678,0,0,0,0,0,0,0,0,0,0,0,0,0,0,0,0,0
La Rioja                      ,26,La Rioja                                          ,"322,415",510,"231,910","10,890","242,800","1,104","175,981",726,"176,707","173,910","171,117","2,793","2,797","95,124",3,"54,066",1,"7,995",0,"10,367",0,0,0,0,0,0,0,0,0,"1,626",0,0,0,0,0,0,0,779,0,0,0,0,0,0,0,0,0,0,0,0,0,686,0,380,0,0,0,0,0,94,0,0,0,0,0,0,0,0,0,0,0,0,0,0,0,0,0,0,0,0,0,0,0,0,0,0,0,0,0,0,0,0,0,0,0,0,0,0,0,0,0,0,0,0,0,0,0,0,0,0,0,0,0,0,0,0,0,0,0,0,0,0,0,0,0,0,0,0,0,0,0,0,0,0,0,0,0
Comunitat Valenciana          ,3,Alicante / Alacant                                ,"1,926,285","2,521","1,199,465","22,644","1,222,109","2,122","897,167","1,235","898,402","887,427","877,303","10,124","10,975","489,946",8,"239,318",4,"57,677",0,"49,662",0,0,0,0,0,0,0,"2,301",0,0,0,0,0,0,0,"27,619",0,"4,904",0,0,0,0,0,0,0,0,0,0,0,0,0,0,0,"2,122",0,0,0,0,0,894,0,"1,782",0,0,0,0,0,"1,078",0,0,0,0,0,0,0,0,0,0,0,0,0,0,0,0,0,0,0,0,0,0,0,0,0,0,0,0,0,0,0,0,0,0,0,0,0,0,0,0,0,0,0,0,0,0,0,0,0,0,0,0,0,0,0,0,0,0,0,0,0,0,0,0,0,0,0,0,0
Comunitat Valenciana          ,12,Castellón / Castelló                              ,"604,274",779,"408,998","5,563","414,561",696,"301,072",476,"301,548","296,515","292,369","4,146","5,033","156,683",3,"87,657",2,"15,692",0,"12,008",0,0,0,0,0,0,0,"1,501",0,0,0,0,0,0,0,"11,890",0,"1,223",0,0,0,0,0,0,0,0,0,0,0,0,0,0,0,563,0,0,0,0,0,180,0,0,0,"3,687",0,0,0,0,0,0,0,"1,001",0,0,0,0,0,0,0,0,0,0,0,0,0,0,0,284,0,0,0,0,0,0,0,0,0,0,0,0,0,0,0,0,0,0,0,0,0,0,0,0,0,0,0,0,0,0,0,0,0,0,0,0,0,0,0,0,0,0,0,0,0,0,0,0,0
Comunitat Valenciana          ,46,Valencia / València                               ,"2,581,147","3,194","1,882,332","38,826","1,921,158","3,812","1,437,269","1,871","1,439,140","1,423,386","1,408,871","14,515","15,754","743,604",9,"370,499",4,"96,417",1,"84,394",1,0,0,0,0,0,0,"3,648",0,0,0,0,0,0,0,"85,797",1,"6,381",0,0,0,"3,972",0,0,0,0,0,0,0,0,0,0,0,"1,742",0,0,0,0,0,906,0,"1,221",0,"5,579",0,0,0,958,0,0,0,0,0,0,0,0,0,"1,543",0,0,0,"2,210",0,0,0,0,0,0,0,0,0,0,0,0,0,0,0,0,0,0,0,0,0,0,0,0,0,0,0,0,0,0,0,0,0,0,0,0,0,0,0,0,0,0,0,0,0,0,0,0,0,0,0,0,0,0,0
Ciudad de Ceuta               ,51,Ceuta                                             ,"80,579",94,"58,532","2,191","60,723",136,"32,223",59,"32,282","31,804","31,306",498,478,"20,968",1,"6,445",0,576,0,"1,061",0,0,0,0,0,0,0,0,0,0,0,0,0,0,0,0,0,186,0,0,0,0,0,0,0,0,0,0,0,0,0,65,0,0,0,0,0,0,0,0,0,0,0,0,0,0,0,0,0,0,0,0,0,0,0,0,0,0,0,0,0,0,0,0,0,0,0,0,0,0,0,0,0,"1,712",0,0,0,0,0,0,0,0,0,0,0,0,0,0,0,0,0,0,0,0,0,0,0,0,0,0,0,0,0,0,0,0,0,0,0,293,0,0,0,0,0,0,0
Ciudad de Melilla             ,52,Melilla                                           ,"76,034",82,"51,026","3,664","54,690",145,"26,966",68,"27,034","26,726","26,230",496,308,"17,828",1,"6,766",0,0,0,992,0,0,0,0,0,0,0,0,0,427,0,0,0,0,0,0,0,137,0,0,0,0,0,0,0,0,0,0,0,0,0,80,0,0,0,0,0,0,0,0,0,0,0,0,0,0,0,0,0,0,0,0,0,0,0,0,0,0,0,0,0,0,0,0,0,0,0,0,0,0,0,0,0,0,0,0,0,0,0,0,0,0,0,0,0,0,0,0,0,0,0,0,0,0,0,0,0,0,0,0,0,0,0,0,0,0,0,0,0,0,0,0,0,0,0,0,0
,,,,,,,,,,,,,,,,,,,,,,,,,,,,,,,,,,,,,,,,,,,,,,,,,,,,,,,,,,,,,,,,,,,,,,,,,,,,,,,,,,,,,,,,,,,,,,,,,,,,,,,,,,,,,,,,,,,,,,,,,,,,,,,,,,,,,,,,,,,
,,Total,"47,021,031","59,876","34,296,705","1,482,786","35,779,491","138,037","24,593,080","73,361","24,666,441","24,348,886","24,015,425","333,461","317,555","10,866,566",186,"7,003,511",110,"1,686,040",11,"1,143,225",5,"1,015,691",16,"334,498",7,"324,317",5,"256,985",3,"216,748",0,"184,037",2,"143,881",2,"125,306",1,"102,144",0,"99,473",1,"97,673",0,"76,999",0,"59,949",0,"44,010",0,"42,415",1,"27,210",0,"26,254",0,"22,289",0,"21,876",0,"15,869",0,"10,132",0,"9,266",0,"6,863",0,"5,430",0,"3,820",0,"3,426",0,"3,180",0,"2,898",0,"2,848",0,"2,431",0,"2,210",0,"2,065",0,"2,058",0,"2,007",0,"1,867",0,"1,784",0,"1,712",0,"1,443",0,"1,138",0,"1,090",0,"1,087",0,"1,074",0,966,0,829,0,791,0,785,0,778,0,720,0,709,0,678,0,603,0,419,0,380,0,304,0,293,0,206,0,169,0,0,0
