PP,,PP-PAR,,PP-FORO,,UPN-PP,,PSOE,,PSC,,PSOE-Nca,,PODEMOS,,PODEMOS-COMPROMÍS,,PODEMOS-En Marea-ANOVA-EU,,EN COMÚ,,C's,,ERC-CATSÍ,,DL,,EAJ-PNV,,UP-UPeC,,EH Bildu,,CCa-PNC,,PACMA,asdf,UPYD,asdf,NÓS,asdf,unio.cat,asdf,VOX,asdf,RECORTES CERO-GRUPO VERDE,asdf,MÉS,asdf,GBAI,asdf,PCPE,asdf,EL PI,asdf,CCD,asdf,EB,asdf,FE de las JONS,asdf,PCPC,asdf,SOMVAL,asdf,X IZDA,asdf,PUM+J,asdf,SAIn,asdf,CENTRO MODERADO,asdf,PT,asdf,CANARIAS DECIDE,asdf,P-LIB,asdf,PH,asdf,ARAPV,asdf,EU-eX,asdf,PCOE,asdf,IFem,asdf,EB - AZ,asdf,EZKERRA,asdf,DN,asdf,EN POSITIU,asdf,CILUS,asdf,PREPAL,asdf,CRA,asdf,Ln,asdf,AVANT,asdf,mlgXSÍ,asdf,PLD,asdf,PFyV,asdf,AJU,asdf,Independientes-FIA,asdf,FDEE,asdf,SOLUCIONA,asdf,"JS,PC",asdf,DN,asdf,+MAS+,asdf,OE,asdf
Votos,Escaños,Votos,Escaños,Votos,Escaños,Votos,Escaños,Votos,Escaños,Votos,Escaños,Votos,Escaños,Votos,Escaños,Votos,Escaños,Votos,Escaños,Votos,Escaños,Votos,Escaños,Votos,Escaños,Votos,Escaños,Votos,Escaños,Votos,Escaños,Votos,Escaños,Votos,Escaños,,asdf,,asdf,,asdf,,asdf,,asdf,,asdf,,asdf,,asdf,,asdf,,asdf,,asdf,,asdf,,asdf,,asdf,,asdf,,asdf,,asdf,,asdf,,asdf,,asdf,,asdf,,asdf,,asdf,,asdf,,asdf,,asdf,,asdf,,asdf,,asdf,,asdf,,asdf,,asdf,,asdf,,asdf,,asdf,,asdf,,asdf,,asdf,,asdf,,asdf,,asdf,,asdf,,asdf,,asdf,,asdf,,asdf,,asdf
33683,1,,,,,,,25331,1,,,,,48413,1,,,,,,,10512,,,,,,28353,1,6814,,21225,,,,1385,asdf,768,asdf,,asdf,,asdf,,asdf,561,asdf,,asdf,,asdf,175,asdf,,asdf,,asdf,,asdf,,asdf,,asdf,,asdf,,asdf,,asdf,,asdf,,asdf,,asdf,,asdf,,asdf,,asdf,,asdf,,asdf,,asdf,,asdf,473,asdf,,asdf,,asdf,,asdf,,asdf,,asdf,,asdf,82,asdf,,asdf,,asdf,,asdf,,asdf,,asdf,,asdf,,asdf,,asdf,,asdf,,asdf,,asdf,110,asdf
85241,2,,,,,,,65205,1,,,,,32320,,,,,,,,33755,1,,,,,,,9306,,,,,,1583,asdf,1146,asdf,,asdf,,asdf,538,asdf,305,asdf,,asdf,,asdf,251,asdf,,asdf,,asdf,,asdf,,asdf,,asdf,,asdf,,asdf,,asdf,,asdf,,asdf,,asdf,,asdf,,asdf,,asdf,,asdf,,asdf,,asdf,,asdf,,asdf,,asdf,,asdf,,asdf,,asdf,,asdf,,asdf,,asdf,,asdf,,asdf,205,asdf,,asdf,,asdf,,asdf,,asdf,,asdf,,asdf,,asdf,,asdf,,asdf
297083,4,,,,,,,188711,3,,,,,,,201610,3,,,,,154397,2,,,,,,,33397,,,,,,8262,asdf,5570,asdf,,asdf,,asdf,2227,asdf,1761,asdf,,asdf,,asdf,1741,asdf,,asdf,,asdf,,asdf,,asdf,,asdf,404,asdf,,asdf,,asdf,,asdf,3278,asdf,,asdf,,asdf,415,asdf,,asdf,608,asdf,,asdf,,asdf,,asdf,,asdf,,asdf,,asdf,,asdf,,asdf,,asdf,,asdf,,asdf,,asdf,,asdf,,asdf,,asdf,,asdf,,asdf,456,asdf,,asdf,,asdf,,asdf,,asdf,,asdf
117635,2,,,,,,,89434,2,,,,,39780,1,,,,,,,44494,1,,,,,,,10828,,,,,,2126,asdf,1532,asdf,,asdf,,asdf,558,asdf,297,asdf,,asdf,,asdf,318,asdf,,asdf,,asdf,,asdf,343,asdf,,asdf,,asdf,,asdf,176,asdf,,asdf,,asdf,,asdf,,asdf,,asdf,,asdf,,asdf,,asdf,,asdf,,asdf,,asdf,,asdf,,asdf,,asdf,,asdf,,asdf,,asdf,,asdf,,asdf,,asdf,,asdf,,asdf,,asdf,,asdf,,asdf,,asdf,,asdf,164,asdf,,asdf,,asdf
47042,2,,,,,,,20254,1,,,,,11951,,,,,,,,15971,,,,,,,,3905,,,,,,519,asdf,908,asdf,,asdf,,asdf,330,asdf,125,asdf,,asdf,,asdf,,asdf,,asdf,,asdf,,asdf,238,asdf,,asdf,,asdf,,asdf,,asdf,,asdf,,asdf,,asdf,,asdf,,asdf,,asdf,,asdf,,asdf,,asdf,,asdf,,asdf,,asdf,,asdf,,asdf,,asdf,,asdf,,asdf,,asdf,,asdf,,asdf,,asdf,,asdf,,asdf,,asdf,,asdf,,asdf,,asdf,,asdf,,asdf,,asdf
137640,2,,,,,,,148493,3,,,,,47368,1,,,,,,,45350,,,,,,,,12338,,,,,,2041,asdf,1546,asdf,,asdf,,asdf,,asdf,508,asdf,,asdf,,asdf,,asdf,,asdf,,asdf,,asdf,,asdf,,asdf,,asdf,,asdf,,asdf,,asdf,,asdf,,asdf,,asdf,,asdf,,asdf,,asdf,951,asdf,,asdf,,asdf,,asdf,,asdf,,asdf,,asdf,,asdf,,asdf,,asdf,,asdf,,asdf,,asdf,,asdf,,asdf,,asdf,,asdf,,asdf,,asdf,,asdf,,asdf,,asdf,,asdf
140640,3,,,,,,,88635,2,,,,,111628,2,,,,,,,71551,1,,,,,,,11451,,,,,,5114,asdf,2276,asdf,,asdf,,asdf,,asdf,1177,asdf,33877,asdf,,asdf,,asdf,12910,asdf,,asdf,,asdf,,asdf,,asdf,,asdf,,asdf,,asdf,,asdf,,asdf,,asdf,,asdf,,asdf,,asdf,,asdf,,asdf,,asdf,,asdf,,asdf,,asdf,,asdf,,asdf,,asdf,,asdf,,asdf,,asdf,,asdf,,asdf,,asdf,714,asdf,,asdf,,asdf,,asdf,,asdf,,asdf,,asdf,,asdf,,asdf
321980,4,,,,,,,,,464588,5,,,,,,,,,768235,9,387061,4,414163,5,378723,4,,,,,,,,,34394,asdf,6595,asdf,,asdf,48326,asdf,,asdf,10730,asdf,,asdf,,asdf,,asdf,,asdf,,asdf,,asdf,,asdf,5493,asdf,,asdf,,asdf,,asdf,,asdf,,asdf,,asdf,,asdf,,asdf,,asdf,,asdf,,asdf,,asdf,,asdf,,asdf,,asdf,,asdf,,asdf,,asdf,,asdf,,asdf,,asdf,,asdf,,asdf,,asdf,,asdf,,asdf,,asdf,,asdf,,asdf,,asdf,,asdf,,asdf,,asdf
82037,2,,,,,,,44640,1,,,,,36818,1,,,,,,,33558,,,,,,,,10171,,,,,,1431,asdf,2356,asdf,,asdf,,asdf,926,asdf,452,asdf,,asdf,,asdf,507,asdf,,asdf,,asdf,,asdf,,asdf,,asdf,,asdf,,asdf,,asdf,501,asdf,,asdf,,asdf,,asdf,,asdf,,asdf,,asdf,,asdf,,asdf,341,asdf,,asdf,,asdf,,asdf,,asdf,,asdf,,asdf,,asdf,,asdf,,asdf,,asdf,,asdf,,asdf,,asdf,,asdf,,asdf,,asdf,,asdf,,asdf,,asdf,,asdf
87924,2,,,,,,,84758,2,,,,,34730,,,,,,,,28406,,,,,,,,7252,,,,,,1363,asdf,1074,asdf,,asdf,,asdf,518,asdf,338,asdf,,asdf,,asdf,,asdf,,asdf,,asdf,,asdf,,asdf,,asdf,,asdf,,asdf,,asdf,,asdf,,asdf,,asdf,,asdf,,asdf,,asdf,,asdf,1070,asdf,,asdf,,asdf,,asdf,,asdf,,asdf,,asdf,,asdf,,asdf,,asdf,,asdf,,asdf,,asdf,,asdf,,asdf,,asdf,,asdf,,asdf,,asdf,,asdf,,asdf,,asdf,,asdf
179319,3,,,,,,,180895,3,,,,,130734,2,,,,,,,94962,1,,,,,,,38881,,,,,,7591,asdf,3637,asdf,,asdf,,asdf,1493,asdf,1042,asdf,,asdf,,asdf,780,asdf,,asdf,,asdf,,asdf,,asdf,,asdf,,asdf,,asdf,,asdf,,asdf,,asdf,,asdf,,asdf,422,asdf,,asdf,,asdf,,asdf,,asdf,,asdf,,asdf,,asdf,,asdf,,asdf,,asdf,,asdf,,asdf,,asdf,,asdf,,asdf,,asdf,,asdf,,asdf,,asdf,,asdf,,asdf,,asdf,,asdf,,asdf,,asdf
98474,2,,,,,,,66590,1,,,,,,,74732,1,,,,,48328,1,,,,,,,9605,,,,,,2252,asdf,1743,asdf,,asdf,,asdf,921,asdf,489,asdf,,asdf,,asdf,509,asdf,,asdf,2137,asdf,,asdf,,asdf,,asdf,467,asdf,,asdf,,asdf,,asdf,,asdf,,asdf,,asdf,,asdf,,asdf,413,asdf,,asdf,,asdf,261,asdf,,asdf,,asdf,471,asdf,,asdf,,asdf,,asdf,,asdf,,asdf,,asdf,,asdf,,asdf,,asdf,,asdf,,asdf,,asdf,,asdf,,asdf,,asdf,,asdf,,asdf
113451,3,,,,,,,91959,2,,,,,36879,,,,,,,,36477,,,,,,,,9834,,,,,,1949,asdf,1625,asdf,,asdf,,asdf,560,asdf,386,asdf,,asdf,,asdf,,asdf,,asdf,,asdf,,asdf,,asdf,,asdf,,asdf,,asdf,,asdf,,asdf,,asdf,,asdf,,asdf,,asdf,,asdf,,asdf,,asdf,,asdf,,asdf,,asdf,,asdf,174,asdf,,asdf,,asdf,,asdf,,asdf,,asdf,,asdf,,asdf,,asdf,,asdf,,asdf,,asdf,,asdf,,asdf,,asdf,,asdf,,asdf,,asdf
142101,2,,,,,,,149851,2,,,,,68740,1,,,,,,,55812,1,,,,,,,37650,,,,,,3529,asdf,2069,asdf,,asdf,,asdf,,asdf,605,asdf,,asdf,,asdf,876,asdf,,asdf,,asdf,631,asdf,494,asdf,,asdf,,asdf,,asdf,,asdf,,asdf,,asdf,,asdf,,asdf,,asdf,,asdf,,asdf,,asdf,813,asdf,,asdf,,asdf,,asdf,,asdf,,asdf,,asdf,,asdf,,asdf,,asdf,,asdf,,asdf,,asdf,,asdf,,asdf,,asdf,,asdf,,asdf,,asdf,,asdf,,asdf,,asdf
239303,3,,,,,,,137734,2,,,,,,,,,177581,2,,,66784,1,,,,,,,,,,,,,5169,asdf,3531,asdf,30618,asdf,,asdf,1246,asdf,1548,asdf,,asdf,,asdf,1447,asdf,,asdf,,asdf,,asdf,,asdf,,asdf,,asdf,,asdf,,asdf,429,asdf,,asdf,1119,asdf,,asdf,,asdf,,asdf,,asdf,,asdf,,asdf,,asdf,,asdf,,asdf,,asdf,,asdf,,asdf,,asdf,,asdf,,asdf,,asdf,,asdf,,asdf,,asdf,,asdf,,asdf,,asdf,,asdf,,asdf,,asdf,,asdf,,asdf
50736,2,,,,,,,37019,1,,,,,14113,,,,,,,,13049,,,,,,,,3628,,,,,,537,asdf,464,asdf,,asdf,,asdf,356,asdf,165,asdf,,asdf,,asdf,97,asdf,,asdf,,asdf,,asdf,,asdf,,asdf,,asdf,,asdf,,asdf,,asdf,,asdf,,asdf,,asdf,,asdf,,asdf,,asdf,,asdf,,asdf,,asdf,,asdf,,asdf,,asdf,,asdf,,asdf,,asdf,,asdf,,asdf,,asdf,,asdf,,asdf,,asdf,,asdf,,asdf,,asdf,,asdf,,asdf,,asdf,,asdf,,asdf
28410,,,,,,,,,,42096,1,,,,,,,,,54071,1,32762,,78030,2,83170,2,,,,,,,,,3623,asdf,586,asdf,,asdf,5871,asdf,,asdf,889,asdf,,asdf,,asdf,,asdf,,asdf,,asdf,,asdf,,asdf,602,asdf,,asdf,,asdf,,asdf,,asdf,,asdf,,asdf,,asdf,,asdf,,asdf,,asdf,,asdf,,asdf,,asdf,,asdf,,asdf,,asdf,,asdf,,asdf,,asdf,,asdf,,asdf,,asdf,,asdf,,asdf,,asdf,,asdf,,asdf,,asdf,,asdf,,asdf,,asdf,,asdf,,asdf
158693,3,,,,,,,158027,2,,,,,83650,1,,,,,,,70845,1,,,,,,,26022,,,,,,3843,asdf,2697,asdf,,asdf,,asdf,1245,asdf,638,asdf,,asdf,,asdf,696,asdf,,asdf,,asdf,,asdf,,asdf,,asdf,,asdf,,asdf,445,asdf,,asdf,,asdf,,asdf,,asdf,,asdf,,asdf,,asdf,,asdf,,asdf,,asdf,,asdf,,asdf,,asdf,,asdf,,asdf,,asdf,,asdf,,asdf,,asdf,,asdf,,asdf,,asdf,,asdf,,asdf,,asdf,,asdf,,asdf,,asdf,,asdf,,asdf
47365,1,,,,,,,30685,1,,,,,23827,,,,,,,,24603,1,,,,,,,5628,,,,,,1152,asdf,1026,asdf,,asdf,,asdf,645,asdf,283,asdf,,asdf,,asdf,,asdf,,asdf,,asdf,,asdf,,asdf,,asdf,,asdf,,asdf,,asdf,75,asdf,,asdf,,asdf,,asdf,,asdf,,asdf,,asdf,,asdf,,asdf,,asdf,,asdf,,asdf,,asdf,,asdf,,asdf,,asdf,,asdf,,asdf,,asdf,,asdf,,asdf,,asdf,,asdf,,asdf,,asdf,,asdf,,asdf,,asdf,,asdf,,asdf
33884,,,,,,,,51764,1,,,,,98533,2,,,,,,,14608,,,,,,91359,2,10722,,81257,1,,,2276,asdf,1313,asdf,,asdf,,asdf,,asdf,782,asdf,,asdf,,asdf,,asdf,,asdf,,asdf,,asdf,,asdf,,asdf,,asdf,,asdf,,asdf,,asdf,,asdf,,asdf,,asdf,,asdf,,asdf,,asdf,,asdf,,asdf,,asdf,,asdf,,asdf,,asdf,,asdf,,asdf,,asdf,,asdf,368,asdf,,asdf,,asdf,,asdf,,asdf,,asdf,,asdf,,asdf,,asdf,,asdf,,asdf,,asdf,,asdf
74353,2,,,,,,,95637,2,,,,,39435,1,,,,,,,30776,,,,,,,,11786,,,,,,2385,asdf,1014,asdf,,asdf,,asdf,460,asdf,336,asdf,,asdf,,asdf,307,asdf,,asdf,,asdf,,asdf,,asdf,,asdf,,asdf,,asdf,,asdf,,asdf,,asdf,,asdf,,asdf,,asdf,,asdf,,asdf,,asdf,,asdf,,asdf,,asdf,,asdf,,asdf,,asdf,,asdf,,asdf,,asdf,,asdf,,asdf,,asdf,,asdf,,asdf,,asdf,,asdf,,asdf,,asdf,,asdf,192,asdf,,asdf,,asdf
,,39747,1,,,,,30183,1,,,,,21943,1,,,,,,,19789,,,,,,,,6433,,,,,,792,asdf,833,asdf,,asdf,,asdf,,asdf,249,asdf,,asdf,,asdf,257,asdf,,asdf,,asdf,554,asdf,,asdf,,asdf,,asdf,,asdf,,asdf,,asdf,,asdf,,asdf,,asdf,,asdf,,asdf,,asdf,,asdf,,asdf,,asdf,,asdf,,asdf,,asdf,,asdf,,asdf,,asdf,,asdf,,asdf,,asdf,,asdf,,asdf,,asdf,,asdf,114,asdf,,asdf,,asdf,,asdf,,asdf,,asdf,,asdf
121984,2,,,,,,,148511,3,,,,,48640,,,,,,,,41398,,,,,,,,16771,,,,,,2543,asdf,1287,asdf,,asdf,,asdf,715,asdf,371,asdf,,asdf,,asdf,469,asdf,,asdf,,asdf,,asdf,,asdf,,asdf,,asdf,,asdf,,asdf,198,asdf,,asdf,,asdf,,asdf,,asdf,,asdf,,asdf,,asdf,,asdf,,asdf,,asdf,,asdf,,asdf,,asdf,1189,asdf,,asdf,,asdf,,asdf,,asdf,,asdf,,asdf,,asdf,711,asdf,,asdf,,asdf,,asdf,,asdf,,asdf,,asdf,,asdf
104077,2,,,,,,,74128,1,,,,,51441,1,,,,,,,37902,1,,,,,,,13997,,,,,,1838,asdf,2047,asdf,,asdf,,asdf,745,asdf,482,asdf,,asdf,,asdf,534,asdf,,asdf,,asdf,,asdf,,asdf,,asdf,,asdf,,asdf,,asdf,,asdf,,asdf,,asdf,,asdf,,asdf,,asdf,,asdf,,asdf,,asdf,,asdf,,asdf,,asdf,313,asdf,,asdf,,asdf,922,asdf,1032,asdf,,asdf,,asdf,,asdf,,asdf,,asdf,,asdf,,asdf,,asdf,,asdf,,asdf,,asdf,,asdf,,asdf
22360,,,,,,,,,,24668,1,,,,,,,,,30538,1,17897,,44317,1,48289,1,,,,,,,,,1743,asdf,687,asdf,,asdf,4867,asdf,465,asdf,398,asdf,,asdf,,asdf,,asdf,,asdf,,asdf,,asdf,,asdf,316,asdf,,asdf,,asdf,,asdf,,asdf,,asdf,,asdf,,asdf,,asdf,,asdf,,asdf,,asdf,,asdf,,asdf,,asdf,,asdf,,asdf,,asdf,,asdf,,asdf,,asdf,,asdf,,asdf,,asdf,,asdf,,asdf,,asdf,,asdf,,asdf,,asdf,,asdf,,asdf,,asdf,,asdf
67941,2,,,,,,,41973,1,,,,,28073,1,,,,,,,26812,,,,,,,,7423,,,,,,1177,asdf,1361,asdf,,asdf,,asdf,,asdf,360,asdf,,asdf,,asdf,229,asdf,,asdf,,asdf,362,asdf,,asdf,,asdf,,asdf,,asdf,,asdf,,asdf,,asdf,,asdf,,asdf,,asdf,,asdf,,asdf,,asdf,,asdf,,asdf,,asdf,,asdf,,asdf,,asdf,,asdf,,asdf,,asdf,,asdf,,asdf,,asdf,,asdf,,asdf,,asdf,,asdf,,asdf,,asdf,,asdf,,asdf,,asdf,,asdf
86446,2,,,,,,,48772,1,,,,,,,,,39122,1,,,15441,,,,,,,,,,,,,,1633,asdf,971,asdf,7253,asdf,,asdf,,asdf,443,asdf,,asdf,,asdf,421,asdf,,asdf,,asdf,,asdf,,asdf,,asdf,,asdf,,asdf,,asdf,,asdf,,asdf,405,asdf,,asdf,,asdf,,asdf,,asdf,,asdf,,asdf,,asdf,,asdf,,asdf,,asdf,,asdf,,asdf,,asdf,,asdf,,asdf,,asdf,,asdf,,asdf,,asdf,,asdf,,asdf,,asdf,,asdf,,asdf,,asdf,,asdf,,asdf
1210219,13,,,,,,,645645,6,,,,,756257,8,,,,,,,681167,7,,,,,,,190193,2,,,,,28322,asdf,43508,asdf,,asdf,,asdf,22643,asdf,4037,asdf,,asdf,,asdf,1742,asdf,,asdf,,asdf,,asdf,4579,asdf,,asdf,,asdf,4994,asdf,2870,asdf,1137,asdf,,asdf,,asdf,,asdf,1075,asdf,1779,asdf,,asdf,,asdf,,asdf,,asdf,,asdf,,asdf,,asdf,,asdf,,asdf,,asdf,,asdf,,asdf,,asdf,,asdf,,asdf,,asdf,,asdf,,asdf,,asdf,,asdf,,asdf,,asdf,,asdf,,asdf
224745,4,,,,,,,208896,3,,,,,132980,2,,,,,,,132586,2,,,,,,,52772,,,,,,8886,asdf,4522,asdf,,asdf,,asdf,1817,asdf,974,asdf,,asdf,,asdf,1029,asdf,,asdf,,asdf,,asdf,,asdf,,asdf,,asdf,,asdf,,asdf,,asdf,,asdf,,asdf,,asdf,290,asdf,,asdf,,asdf,,asdf,,asdf,,asdf,,asdf,,asdf,,asdf,,asdf,,asdf,,asdf,,asdf,,asdf,,asdf,934,asdf,,asdf,,asdf,,asdf,,asdf,,asdf,409,asdf,,asdf,,asdf,,asdf,,asdf
293943,5,,,,,,,147883,2,,,,,110601,1,,,,,,,128570,2,,,,,,,22767,,,,,,6591,asdf,5442,asdf,,asdf,,asdf,3282,asdf,1268,asdf,,asdf,,asdf,1051,asdf,,asdf,,asdf,1063,asdf,,asdf,,asdf,,asdf,,asdf,,asdf,330,asdf,,asdf,,asdf,,asdf,,asdf,,asdf,,asdf,,asdf,,asdf,,asdf,,asdf,,asdf,,asdf,,asdf,,asdf,,asdf,,asdf,,asdf,,asdf,,asdf,,asdf,,asdf,,asdf,,asdf,,asdf,,asdf,,asdf,,asdf,313,asdf,,asdf
,,,,,,102244,2,54856,1,,,,,81216,2,,,,,,,24969,,,,,,,,14528,,34939,,,,2343,asdf,1452,asdf,,asdf,,asdf,,asdf,956,asdf,,asdf,30642,asdf,,asdf,,asdf,,asdf,,asdf,,asdf,,asdf,,asdf,,asdf,,asdf,913,asdf,,asdf,,asdf,,asdf,,asdf,,asdf,,asdf,,asdf,,asdf,,asdf,,asdf,,asdf,,asdf,,asdf,,asdf,,asdf,,asdf,576,asdf,,asdf,,asdf,,asdf,,asdf,,asdf,,asdf,,asdf,,asdf,,asdf,,asdf,,asdf,,asdf
86673,2,,,,,,,44726,1,,,,,,,,,34357,1,,,15174,,,,,,,,,,,,,,1406,asdf,777,asdf,6455,asdf,,asdf,,asdf,399,asdf,,asdf,,asdf,,asdf,,asdf,,asdf,,asdf,,asdf,,asdf,,asdf,873,asdf,,asdf,,asdf,,asdf,344,asdf,,asdf,,asdf,,asdf,,asdf,,asdf,,asdf,,asdf,,asdf,,asdf,,asdf,,asdf,,asdf,,asdf,,asdf,,asdf,,asdf,,asdf,,asdf,,asdf,,asdf,,asdf,,asdf,,asdf,,asdf,,asdf,,asdf,,asdf
,,,,187568,3,,,145113,2,,,,,132984,2,,,,,,,84464,1,,,,,,,52583,,,,,,4555,asdf,3855,asdf,,asdf,,asdf,1715,asdf,1038,asdf,,asdf,,asdf,1240,asdf,,asdf,,asdf,1869,asdf,,asdf,,asdf,,asdf,,asdf,,asdf,,asdf,,asdf,,asdf,,asdf,,asdf,392,asdf,,asdf,,asdf,,asdf,,asdf,,asdf,,asdf,,asdf,,asdf,,asdf,,asdf,,asdf,,asdf,,asdf,,asdf,,asdf,,asdf,,asdf,,asdf,,asdf,,asdf,,asdf,,asdf,,asdf,,asdf
42182,2,,,,,,,25698,1,,,,,14083,,,,,,,,14814,,,,,,,,4699,,,,,,624,asdf,828,asdf,,asdf,,asdf,,asdf,159,asdf,,asdf,,asdf,126,asdf,,asdf,,asdf,182,asdf,218,asdf,,asdf,,asdf,,asdf,,asdf,72,asdf,,asdf,,asdf,,asdf,,asdf,,asdf,,asdf,,asdf,,asdf,,asdf,,asdf,,asdf,,asdf,,asdf,,asdf,,asdf,,asdf,,asdf,,asdf,,asdf,,asdf,,asdf,,asdf,,asdf,,asdf,,asdf,,asdf,,asdf,,asdf,,asdf
145372,3,,,,,,,,,,,115521,2,136583,2,,,,,,,63385,1,,,,,,,15262,,,,21788,,5351,asdf,2564,asdf,,asdf,,asdf,774,asdf,1478,asdf,,asdf,,asdf,953,asdf,,asdf,,asdf,,asdf,,asdf,,asdf,,asdf,,asdf,616,asdf,300,asdf,,asdf,,asdf,1605,asdf,,asdf,439,asdf,,asdf,,asdf,,asdf,,asdf,,asdf,,asdf,,asdf,,asdf,,asdf,,asdf,,asdf,,asdf,,asdf,,asdf,,asdf,,asdf,,asdf,,asdf,,asdf,,asdf,,asdf,,asdf,,asdf,,asdf
197201,3,,,,,,,118988,2,,,,,,,,,159638,2,,,51453,,,,,,,,,,,,,,5315,asdf,3177,asdf,26537,asdf,,asdf,,asdf,1439,asdf,,asdf,,asdf,1377,asdf,,asdf,,asdf,,asdf,,asdf,,asdf,,asdf,,asdf,,asdf,,asdf,,asdf,1158,asdf,,asdf,,asdf,,asdf,,asdf,,asdf,,asdf,,asdf,,asdf,,asdf,,asdf,,asdf,,asdf,,asdf,,asdf,,asdf,,asdf,,asdf,,asdf,,asdf,,asdf,,asdf,,asdf,,asdf,,asdf,,asdf,,asdf,,asdf
89375,2,,,,,,,45593,1,,,,,25743,,,,,,,,35242,1,,,,,,,7017,,,,,,1175,asdf,1669,asdf,,asdf,,asdf,822,asdf,319,asdf,,asdf,,asdf,264,asdf,,asdf,,asdf,,asdf,,asdf,,asdf,,asdf,,asdf,,asdf,,asdf,,asdf,,asdf,,asdf,,asdf,,asdf,,asdf,,asdf,,asdf,,asdf,,asdf,,asdf,,asdf,,asdf,,asdf,251,asdf,,asdf,,asdf,,asdf,,asdf,,asdf,,asdf,,asdf,,asdf,,asdf,,asdf,,asdf,,asdf,,asdf,,asdf
138203,2,,,,,,,,,,,102892,2,94936,1,,,,,,,50257,1,,,,,,,15716,,,,60129,1,6537,asdf,2117,asdf,,asdf,,asdf,772,asdf,1182,asdf,,asdf,,asdf,759,asdf,,asdf,,asdf,,asdf,,asdf,,asdf,,asdf,,asdf,,asdf,,asdf,,asdf,,asdf,1278,asdf,,asdf,,asdf,,asdf,,asdf,,asdf,,asdf,,asdf,,asdf,,asdf,,asdf,,asdf,,asdf,,asdf,,asdf,,asdf,,asdf,,asdf,,asdf,,asdf,,asdf,,asdf,,asdf,,asdf,,asdf,,asdf,,asdf
129216,2,,,,,,,78460,1,,,,,62569,1,,,,,,,53371,1,,,,,,,15488,,,,,,2943,asdf,2875,asdf,,asdf,,asdf,901,asdf,529,asdf,,asdf,,asdf,461,asdf,,asdf,,asdf,,asdf,,asdf,,asdf,,asdf,,asdf,,asdf,173,asdf,,asdf,,asdf,,asdf,,asdf,236,asdf,,asdf,,asdf,,asdf,,asdf,,asdf,,asdf,,asdf,,asdf,,asdf,,asdf,,asdf,,asdf,,asdf,,asdf,,asdf,,asdf,,asdf,,asdf,,asdf,,asdf,,asdf,,asdf,,asdf,,asdf
36182,2,,,,,,,19769,1,,,,,13144,,,,,,,,15665,,,,,,,,3742,,,,,,517,asdf,1274,asdf,,asdf,,asdf,,asdf,227,asdf,,asdf,,asdf,190,asdf,,asdf,,asdf,,asdf,223,asdf,,asdf,,asdf,,asdf,,asdf,,asdf,,asdf,,asdf,,asdf,,asdf,,asdf,,asdf,,asdf,,asdf,,asdf,,asdf,,asdf,,asdf,,asdf,,asdf,,asdf,,asdf,,asdf,,asdf,,asdf,,asdf,,asdf,,asdf,,asdf,,asdf,,asdf,,asdf,,asdf,,asdf,,asdf
275463,3,,,,,,,371142,5,,,,,208408,2,,,,,,,142574,2,,,,,,,62309,,,,,,9976,asdf,6421,asdf,,asdf,,asdf,2717,asdf,1413,asdf,,asdf,,asdf,893,asdf,,asdf,,asdf,,asdf,989,asdf,,asdf,,asdf,,asdf,,asdf,,asdf,,asdf,,asdf,,asdf,652,asdf,,asdf,,asdf,,asdf,1096,asdf,,asdf,,asdf,,asdf,,asdf,,asdf,,asdf,,asdf,,asdf,,asdf,,asdf,,asdf,,asdf,,asdf,,asdf,,asdf,,asdf,,asdf,,asdf,,asdf,,asdf,,asdf
20030,1,,,,,,,12331,1,,,,,8328,,,,,,,,7872,,,,,,,,1836,,,,,,192,asdf,327,asdf,,asdf,,asdf,,asdf,86,asdf,,asdf,,asdf,54,asdf,,asdf,,asdf,,asdf,,asdf,,asdf,,asdf,,asdf,,asdf,,asdf,,asdf,,asdf,,asdf,,asdf,,asdf,,asdf,,asdf,,asdf,,asdf,,asdf,,asdf,101,asdf,,asdf,,asdf,,asdf,,asdf,,asdf,,asdf,,asdf,,asdf,,asdf,,asdf,,asdf,,asdf,,asdf,,asdf,,asdf,,asdf,,asdf
45619,1,,,,,,,,,58922,1,,,,,,,,,77036,1,53152,1,65272,1,57071,1,,,,,,,,,4170,asdf,686,asdf,,asdf,6324,asdf,,asdf,894,asdf,,asdf,,asdf,,asdf,,asdf,,asdf,,asdf,,asdf,705,asdf,,asdf,,asdf,,asdf,,asdf,,asdf,,asdf,,asdf,,asdf,,asdf,,asdf,,asdf,,asdf,,asdf,,asdf,,asdf,,asdf,,asdf,,asdf,,asdf,,asdf,,asdf,,asdf,,asdf,625,asdf,,asdf,,asdf,,asdf,,asdf,,asdf,,asdf,,asdf,,asdf,,asdf
,,28282,2,,,,,19938,1,,,,,11895,,,,,,,,11427,,,,,,,,3897,,,,,,375,asdf,456,asdf,,asdf,,asdf,,asdf,139,asdf,,asdf,,asdf,97,asdf,,asdf,,asdf,313,asdf,,asdf,,asdf,,asdf,,asdf,,asdf,,asdf,,asdf,,asdf,,asdf,,asdf,,asdf,,asdf,,asdf,,asdf,,asdf,,asdf,,asdf,,asdf,,asdf,,asdf,,asdf,,asdf,,asdf,,asdf,,asdf,,asdf,,asdf,,asdf,,asdf,,asdf,,asdf,,asdf,,asdf,,asdf,,asdf
149442,2,,,,,,,106988,2,,,,,52587,1,,,,,,,53199,1,,,,,,,13590,,,,,,3039,asdf,1901,asdf,,asdf,,asdf,1509,asdf,612,asdf,,asdf,,asdf,306,asdf,,asdf,,asdf,,asdf,,asdf,,asdf,,asdf,,asdf,,asdf,,asdf,,asdf,,asdf,,asdf,,asdf,,asdf,,asdf,,asdf,,asdf,,asdf,,asdf,,asdf,,asdf,,asdf,,asdf,,asdf,,asdf,,asdf,,asdf,,asdf,,asdf,,asdf,,asdf,,asdf,,asdf,,asdf,,asdf,,asdf,,asdf,,asdf
442578,5,,,,,,,276188,3,,,,,,,397207,5,,,,,221896,2,,,,,,,68961,,,,,,14494,asdf,9990,asdf,,asdf,,asdf,4135,asdf,2761,asdf,,asdf,,asdf,2091,asdf,,asdf,7111,asdf,,asdf,,asdf,,asdf,5232,asdf,,asdf,,asdf,,asdf,,asdf,,asdf,,asdf,,asdf,,asdf,1482,asdf,,asdf,,asdf,1002,asdf,,asdf,,asdf,,asdf,1276,asdf,,asdf,,asdf,,asdf,,asdf,1003,asdf,,asdf,,asdf,,asdf,,asdf,,asdf,,asdf,,asdf,,asdf,,asdf,,asdf,,asdf
121323,2,,,,,,,70879,1,,,,,50204,1,,,,,,,56347,1,,,,,,,17935,,,,,,1735,asdf,2940,asdf,,asdf,,asdf,1230,asdf,489,asdf,,asdf,,asdf,429,asdf,,asdf,1579,asdf,,asdf,411,asdf,,asdf,,asdf,,asdf,,asdf,272,asdf,,asdf,,asdf,,asdf,,asdf,,asdf,,asdf,,asdf,,asdf,,asdf,,asdf,,asdf,289,asdf,,asdf,,asdf,,asdf,,asdf,,asdf,,asdf,,asdf,,asdf,,asdf,,asdf,,asdf,,asdf,,asdf,,asdf,,asdf,,asdf,,asdf
74560,1,,,,,,,84893,1,,,,,170728,2,,,,,,,25148,,,,,,182604,3,18466,,81704,1,,,4342,asdf,2012,asdf,,asdf,,asdf,,asdf,1089,asdf,,asdf,,asdf,414,asdf,,asdf,,asdf,,asdf,,asdf,,asdf,,asdf,,asdf,479,asdf,,asdf,,asdf,,asdf,,asdf,,asdf,,asdf,,asdf,,asdf,,asdf,,asdf,1045,asdf,1447,asdf,,asdf,,asdf,,asdf,,asdf,,asdf,,asdf,,asdf,,asdf,,asdf,,asdf,,asdf,,asdf,,asdf,,asdf,406,asdf,,asdf,,asdf,,asdf
48160,2,,,,,,,25985,1,,,,,14608,,,,,,,,15865,,,,,,,,5514,,,,,,502,asdf,747,asdf,,asdf,,asdf,246,asdf,187,asdf,,asdf,,asdf,128,asdf,,asdf,,asdf,,asdf,,asdf,,asdf,,asdf,,asdf,,asdf,,asdf,,asdf,,asdf,,asdf,,asdf,,asdf,,asdf,,asdf,,asdf,,asdf,,asdf,,asdf,,asdf,,asdf,,asdf,,asdf,,asdf,,asdf,,asdf,,asdf,,asdf,,asdf,,asdf,,asdf,,asdf,,asdf,,asdf,,asdf,,asdf,,asdf
,,161662,3,,,,,118936,2,,,,,102596,1,,,,,,,95130,1,,,,,,,34869,,,,,,4057,asdf,4514,asdf,,asdf,,asdf,1849,asdf,1088,asdf,,asdf,,asdf,845,asdf,,asdf,,asdf,2967,asdf,,asdf,,asdf,,asdf,,asdf,,asdf,,asdf,,asdf,,asdf,,asdf,,asdf,,asdf,,asdf,,asdf,,asdf,,asdf,,asdf,,asdf,,asdf,,asdf,,asdf,,asdf,,asdf,,asdf,,asdf,,asdf,,asdf,,asdf,,asdf,562,asdf,,asdf,,asdf,,asdf,,asdf,,asdf,,asdf
14813,1,,,,,,,7627,,,,,,4646,,,,,,,,4392,,,,,,,,431,,,,,,358,asdf,197,asdf,,asdf,,asdf,,asdf,146,asdf,,asdf,,asdf,,asdf,,asdf,,asdf,,asdf,,asdf,,asdf,,asdf,,asdf,,asdf,,asdf,,asdf,,asdf,,asdf,,asdf,,asdf,,asdf,,asdf,,asdf,,asdf,,asdf,,asdf,,asdf,,asdf,,asdf,,asdf,,asdf,,asdf,,asdf,,asdf,,asdf,,asdf,,asdf,,asdf,,asdf,,asdf,,asdf,,asdf,,asdf,,asdf
12331,1,,,,,,,6905,,,,,,3215,,,,,,,,4366,,,,,,,,366,,,,,,314,asdf,240,asdf,,asdf,,asdf,,asdf,46,asdf,,asdf,,asdf,,asdf,,asdf,,asdf,,asdf,,asdf,,asdf,,asdf,,asdf,,asdf,,asdf,,asdf,,asdf,,asdf,,asdf,,asdf,,asdf,,asdf,,asdf,,asdf,,asdf,,asdf,,asdf,,asdf,,asdf,,asdf,,asdf,,asdf,,asdf,,asdf,,asdf,,asdf,,asdf,,asdf,,asdf,,asdf,,asdf,,asdf,,asdf,,asdf
6717432,112,229691,6,187568,3,102244,2,4736628,78,590274,8,218413,4,3197327,42,673549,9,410698,6,929880,12,3515785,40,601782,9,567253,8,302316,6,926783,2,219125,2,81917,1,220369,0,155153,0,70863,0,65388,0,58360,0,48675,0,33877,0,30642,0,24063,0,12910,0,10827,0,7941,0,7495,0,7116,0,6103,0,5867,0,4586,0,4400,0,3278,0,3026,0,2883,0,2854,0,2846,0,2503,0,2021,0,1909,0,1604,0,1518,0,1447,0,1348,0,1276,0,1189,0,1173,0,1032,0,1026,0,1003,0,934,0,830,0,714,0,711,0,676,0,456,0,409,0,406,0,356,0,313,0,110,0
